{"vertexCount":48265,"bboxSize":[0.7102869153022766,1.257663607597351,1.1236785650253296],"xMinusArea":0.007871135137975216,"zMinusArea":0.008564239367842674,"yMinusArea":0.005133370403200388,"totalArea":1.8611879348754883,"bboxCenter":[0.3152453601360321,-0.6288318037986755,0.02849370241165161],"alignmentTransform":[0.24893370270729065,0,-0.9685205221176147,0,0,1,0,0,0.9685205221176147,0,0.24893370270729065,0,0.8548738956451416,0,0.05855990946292877,1],"faceCount":288462,"zPlusArea":0.2755652964115143,"horizontalUpArea":0.3784066140651703,"xPlusArea":0.018208280205726624,"yAlignmentRotation":1.3192172050476074}