{
  "t_10" : -0.9802111,
  "width" : 1024,
  "t_03" : -0.010129261,
  "cy" : 383.27368,
  "t_23" : -0.0014415012,
  "t_02" : -0.0022794828,
  "fy" : 720.89465,
  "blur_score" : 69.831924,
  "t_01" : 0.9999705,
  "t_21" : 0.0036851913,
  "height" : 768,
  "t_00" : -0.0073331497,
  "fx" : 720.89465,
  "t_11" : -0.00673726,
  "manual_keyframe" : false,
  "timestamp" : 239047868100,
  "cx" : 514.839,
  "t_12" : 0.19784035,
  "t_20" : 0.19781914,
  "angular_velocity" : 3.4028235e+38,
  "center_depth" : 0.5859374,
  "t_13" : -0.00029297927,
  "t_22" : 0.98023164
}