{"vertexCount":35290,"bboxSize":[0.306510865688324,0.6441829800605774,0.6201854944229126],"xMinusArea":0.0001320488954661414,"zMinusArea":0.000029473190807038918,"yMinusArea":0.000008191102097043768,"totalArea":0.4883578419685364,"bboxCenter":[0.11392715573310852,-0.03661912679672241,0.012711107730865479],"alignmentTransform":[-0.05176985263824463,0,-0.9986590147018433,0,0,1,0,0,0.9986590147018433,0,-0.05176985263824463,0,0.5855996012687683,0,-0.03780551254749298,1],"faceCount":209880,"zPlusArea":0.2172756940126419,"horizontalUpArea":0.06151319667696953,"xPlusArea":0,"yAlignmentRotation":1.622589349746704}