{"vertexCount":33161,"xMinusArea":0.00028991789440624416,"bboxSize":[0.18241968750953674,0.4209921360015869,0.47154873609542847],"totalArea":0.2655288279056549,"yMinusArea":0.0007374482811428607,"bboxCenter":[-1.4901161193847656e-8,0,0],"alignmentTransform":[0.11083821207284927,0,0.9938384890556335,0,0,1,0,0,-0.9938384890556335,0,0.11083821207284927,0,-0.48920029401779175,0.09132164716720581,0.01287812739610672,1],"georeferenceLatitude":39.666588066091634,"faceCount":197853,"horizontalUpArea":0.029785118997097015,"xPlusArea":0.0005815662443637848,"georeferenceRotation":-2.0459070205688477,"zMinusArea":0.0009930389933288097,"georeferenceAltitude":121.39230346679688,"zPlusArea":0.08373691141605377,"georeferenceLongitude":2.6752850849833782,"yAlignmentRotation":1.4597299098968506}