{
  "t_12" : 0.10167002,
  "t_21" : 0.9269057,
  "t_10" : -0.99475354,
  "angular_velocity" : 3.4028235e+38,
  "cy" : 383.27136,
  "t_23" : -0.04894775,
  "cx" : 514.69714,
  "fx" : 716.2221,
  "t_03" : -0.0021989439,
  "t_22" : 0.37427166,
  "center_depth" : 0.8234972,
  "t_11" : -0.011340538,
  "height" : 768,
  "fy" : 716.2221,
  "t_01" : 0.37512296,
  "t_20" : 0.027685856,
  "blur_score" : 102.375206,
  "t_00" : -0.09848297,
  "t_13" : -1.0987959,
  "width" : 1024,
  "timestamp" : 238851922905,
  "t_02" : -0.92172873,
  "manual_keyframe" : false
}