{
  "angular_velocity" : 3.4028235e+38,
  "t_12" : 0.033367448,
  "fx" : 715.88696,
  "center_depth" : 1.0523859,
  "t_21" : -0.27122688,
  "timestamp" : 238019426873,
  "t_03" : 0.1097085,
  "t_01" : 0.96237546,
  "t_11" : -0.016411833,
  "cy" : 383.20883,
  "t_23" : 0.19270355,
  "width" : 1024,
  "t_22" : 0.9618204,
  "blur_score" : 89.181305,
  "t_02" : 0.2716395,
  "t_13" : -0.95277613,
  "t_00" : -0.0067350864,
  "manual_keyframe" : false,
  "height" : 768,
  "cx" : 514.62463,
  "fy" : 715.88696,
  "t_20" : 0.036570113,
  "t_10" : -0.9993084
}