{
  "cy" : 383.1727,
  "t_00" : -0.003007156,
  "fy" : 719.04596,
  "t_02" : 0.23104942,
  "cx" : 514.6072,
  "center_depth" : 0.8571198,
  "t_23" : -0.0031495038,
  "height" : 768,
  "t_22" : 0.9719474,
  "t_13" : -0.95161957,
  "t_01" : 0.97293735,
  "t_21" : -0.23067245,
  "t_20" : 0.0459161,
  "width" : 1024,
  "timestamp" : 238261004160,
  "angular_velocity" : 3.4028235e+38,
  "blur_score" : 106.14732,
  "t_03" : 0.06051978,
  "t_11" : -0.013531688,
  "t_10" : -0.99894077,
  "t_12" : 0.043979824,
  "fx" : 719.04596,
  "manual_keyframe" : false
}