{
  "t_12" : 0.046006158,
  "fx" : 717.8961,
  "t_21" : -0.25253272,
  "timestamp" : 238257155593,
  "cy" : 383.19205,
  "t_01" : 0.96752983,
  "t_02" : 0.25275305,
  "t_00" : 0.0013391973,
  "manual_keyframe" : false,
  "fy" : 717.8961,
  "t_10" : -0.99888456,
  "t_13" : -0.9516645,
  "t_11" : -0.010635841,
  "height" : 768,
  "width" : 1024,
  "angular_velocity" : 3.4028235e+38,
  "t_22" : 0.9664363,
  "t_20" : 0.04720057,
  "center_depth" : 0.9453389,
  "cx" : 514.52014,
  "t_03" : 0.0775926,
  "t_23" : 0.069279425,
  "blur_score" : 64.262566
}