{
  "fx" : 730.3604,
  "t_03" : 0.04369812,
  "timestamp" : 239179177555,
  "width" : 1024,
  "t_01" : 0.9938626,
  "cx" : 514.5741,
  "fy" : 730.3604,
  "cy" : 383.26587,
  "t_13" : -0.016266257,
  "t_20" : 0.28995737,
  "t_22" : 0.9506752,
  "t_00" : -0.041544482,
  "t_10" : -0.9561375,
  "t_12" : 0.29275554,
  "angular_velocity" : 3.4028235e+38,
  "manual_keyframe" : false,
  "blur_score" : 106.55423,
  "t_11" : -0.009767895,
  "t_21" : 0.11018885,
  "t_02" : -0.10252338,
  "t_23" : -0.20577246,
  "center_depth" : 0.36817402,
  "height" : 768
}