{
  "t_13" : -0.016622722,
  "t_03" : 0.04364627,
  "timestamp" : 239178960967,
  "fy" : 729.9982,
  "cx" : 514.58636,
  "t_22" : 0.94867915,
  "center_depth" : 0.3675183,
  "cy" : 383.26465,
  "height" : 768,
  "t_23" : -0.20636186,
  "t_20" : 0.29633325,
  "t_02" : -0.10249715,
  "blur_score" : 41.8624,
  "t_01" : 0.9938368,
  "fx" : 729.9982,
  "manual_keyframe" : false,
  "t_00" : -0.04222096,
  "angular_velocity" : 3.4028235e+38,
  "t_11" : -0.009680832,
  "width" : 1024,
  "t_21" : 0.110429004,
  "t_12" : 0.2991693,
  "t_10" : -0.954151
}