{
  "cx" : 514.5595,
  "center_depth" : 0.38355884,
  "width" : 1024,
  "timestamp" : 239299100252,
  "t_20" : 0.28963497,
  "t_10" : -0.9570846,
  "t_13" : -0.013949225,
  "height" : 768,
  "manual_keyframe" : false,
  "t_21" : -0.025501536,
  "t_11" : -0.0181909,
  "t_03" : 0.0492372,
  "t_00" : -0.010029007,
  "t_22" : 0.95679736,
  "fy" : 731.00684,
  "blur_score" : 116.471306,
  "t_02" : 0.029675884,
  "cy" : 383.21692,
  "t_01" : 0.9995093,
  "t_12" : 0.28923708,
  "fx" : 731.00684,
  "t_23" : -0.18730114,
  "angular_velocity" : 3.4028235e+38
}