{
  "t_23" : -0.2258919,
  "t_22" : 0.9547055,
  "center_depth" : 0.34364805,
  "timestamp" : 239316077342,
  "fy" : 732.6204,
  "t_03" : 0.04028998,
  "cx" : 514.5633,
  "t_11" : -0.01140321,
  "t_20" : 0.29739672,
  "fx" : 732.6204,
  "t_10" : -0.954655,
  "width" : 1024,
  "t_12" : 0.29749596,
  "t_00" : -0.013750717,
  "t_21" : 0.009627093,
  "angular_velocity" : 3.4028235e+38,
  "manual_keyframe" : false,
  "cy" : 383.20056,
  "t_01" : 0.9998887,
  "blur_score" : 120.6364,
  "height" : 768,
  "t_13" : -0.015283101,
  "t_02" : -0.0057992428
}