{
  "t_21" : 0.009007255,
  "t_01" : 0.99990654,
  "t_22" : 0.9564823,
  "t_03" : 0.039620716,
  "manual_keyframe" : false,
  "cx" : 514.52893,
  "t_13" : -0.01325165,
  "fx" : 732.60614,
  "t_02" : -0.0056154015,
  "t_10" : -0.95644355,
  "t_23" : -0.22404353,
  "blur_score" : 104.638435,
  "center_depth" : 0.34981883,
  "timestamp" : 239316793745,
  "t_00" : -0.012464714,
  "t_11" : -0.010284543,
  "width" : 1024,
  "height" : 768,
  "t_12" : 0.29173604,
  "t_20" : 0.291651,
  "angular_velocity" : 3.4028235e+38,
  "fy" : 732.60614,
  "cy" : 383.196
}