{"cx":518.917783759189,"cy":390.6634354811358,"fx":752.6888128954682,"fy":752.6888128954682,"width":1024,"height":768,"t_12":0.4456174671649933,"t_02":-0.2667641043663025,"t_22":0.8545536994934082,"t_21":0.3499584496021271,"t_11":-0.11453264951705933,"t_01":0.9297372698783875,"t_20":0.3837539553642273,"t_10":-0.887866735458374,"t_00":-0.25382187962532043,"t_23":-0.6976150274276733,"t_03":0.39648762345314026,"t_13":-1.233337640762329,"blur_score":40.166874,"manual_keyframe":false,"neighbors":[239755087941,239794571063,239768827002,239721623981,239766492696,239784516874,239792186737,239769443926,239772811996,239784983735]}