{"cx":518.917783759189,"cy":390.6634354811358,"fx":752.6888128954682,"fy":752.6888128954682,"width":1024,"height":768,"t_12":0.5161003470420837,"t_02":-0.31282538175582886,"t_22":0.7973586320877075,"t_21":0.3560502827167511,"t_11":0.016239119693636894,"t_01":0.9343256950378418,"t_20":0.4872857928276062,"t_10":-0.856374204158783,"t_00":-0.17080926895141602,"t_23":-0.7132325768470764,"t_03":0.3909171521663666,"t_13":-1.2747029066085815,"blur_score":36.62355,"manual_keyframe":false,"neighbors":[239762124208,239794571063,239761107117,239784516874,239769443926,239784983735,239768827002,239785433923,239788568562,239790452681]}