{"cx":518.917783759189,"cy":390.6634354811358,"fx":752.6888128954682,"fy":752.6888128954682,"width":1024,"height":768,"t_12":0.2729310393333435,"t_02":-0.30633893609046936,"t_22":0.9119567275047302,"t_21":0.3230433464050293,"t_11":-0.017352325841784477,"t_01":0.9462250471115112,"t_20":0.25293850898742676,"t_10":-0.9618771076202393,"t_00":-0.10399313271045685,"t_23":-0.6798178553581238,"t_03":0.39755186438560486,"t_13":-1.254982829093933,"blur_score":57.50617,"manual_keyframe":false,"neighbors":[239755087941,239766492696,239762124208,239761107117,239721623981,239784983735,239769443926,239784516874,239783783235,239781515624]}