{"cx":518.917783759189,"cy":390.6634354811358,"fx":752.6888128954682,"fy":752.6888128954682,"width":1024,"height":768,"t_12":0.4073323905467987,"t_02":-0.2632424831390381,"t_22":0.8745191097259521,"t_21":0.3311169147491455,"t_11":-0.10486220568418503,"t_01":0.9377449154853821,"t_20":0.35436969995498657,"t_10":-0.9072399139404297,"t_00":-0.22657865285873413,"t_23":-0.698113739490509,"t_03":0.39830484986305237,"t_13":-1.268996000289917,"blur_score":35.546005,"manual_keyframe":false,"neighbors":[239762124208,239761107117,239766492696,239755087941,239784516874,239792186737,239721623981,239784983735,239769443926,239768827002]}