{"cx":518.917783759189,"cy":390.6634354811358,"fx":752.6888128954682,"fy":752.6888128954682,"width":1024,"height":768,"t_12":0.5576158165931702,"t_02":-0.2008051723241806,"t_22":0.80544513463974,"t_21":0.2952733039855957,"t_11":-0.08377371728420258,"t_01":0.9517329931259155,"t_20":0.513879120349884,"t_10":-0.8258610963821411,"t_00":-0.2321241945028305,"t_23":-0.7084231972694397,"t_03":0.39881235361099243,"t_13":-1.2764790058135986,"blur_score":30.94288,"manual_keyframe":false,"neighbors":[239784983735,239784516874,239762124208,239769443926,239761107117,239792186737,239755087941,239766492696,239794571063,239721623981]}