{"cx":518.917783759189,"cy":390.6634354811358,"fx":752.6888128954682,"fy":752.6888128954682,"width":1024,"height":768,"t_12":0.6655632853507996,"t_02":-0.031125865876674652,"t_22":0.7456920742988586,"t_21":0.11486315727233887,"t_11":-0.08239521831274033,"t_01":0.9899583458900452,"t_20":0.6563153266906738,"t_10":-0.7417792677879333,"t_00":-0.13789016008377075,"t_23":-0.6891476511955261,"t_03":0.4603976309299469,"t_13":-1.2257838249206543,"blur_score":37.476974,"manual_keyframe":false,"neighbors":[239779197991,239781515624,239784516874,239783783235,239772811996,239774129212,239762124208,239761107117,239769443926,239768827002]}