{"cx":518.917783759189,"cy":390.6634354811358,"fx":752.6888128954682,"fy":752.6888128954682,"width":1024,"height":768,"t_12":0.42455434799194336,"t_02":-0.23741185665130615,"t_22":0.8737214803695679,"t_21":0.31613171100616455,"t_11":-0.12466694414615631,"t_01":0.9404886364936829,"t_20":0.3696911334991455,"t_10":-0.8967785239219666,"t_00":-0.24313928186893463,"t_23":-0.6996163129806519,"t_03":0.4002770185470581,"t_13":-1.2720659971237183,"blur_score":27.955547,"manual_keyframe":false,"neighbors":[239755087941,239761107117,239762124208,239766492696,239784983735,239784516874,239792186737,239769443926,239721623981,239768827002]}