{"cx":518.917783759189,"cy":390.6634354811358,"fx":752.6888128954682,"fy":752.6888128954682,"width":1024,"height":768,"t_12":0.6313067078590393,"t_02":-0.05367731302976608,"t_22":0.7736734747886658,"t_21":0.13027501106262207,"t_11":-0.07559777051210403,"t_01":0.9885916113853455,"t_20":0.6200466156005859,"t_10":-0.7718399167060852,"t_00":-0.14073148369789124,"t_23":-0.7084791660308838,"t_03":0.4592161476612091,"t_13":-1.1917749643325806,"blur_score":33.573772,"manual_keyframe":false,"neighbors":[239780965394,239781515624,239783783235,239774129212,239778130880,239772811996,239784516874,239762124208,239761107117,239776746970]}