{"cx":518.917783759189,"cy":390.6634354811358,"fx":752.6888128954682,"fy":752.6888128954682,"width":1024,"height":768,"t_12":0.5085815787315369,"t_02":-0.2357470989227295,"t_22":0.8281111717224121,"t_21":0.3096681833267212,"t_11":-0.0644870325922966,"t_01":0.948655366897583,"t_20":0.4672660231590271,"t_10":-0.8585954904556274,"t_00":-0.21089397370815277,"t_23":-0.6914029717445374,"t_03":0.4152321219444275,"t_13":-1.2422982454299927,"blur_score":38.678303,"manual_keyframe":false,"neighbors":[239761107117,239794571063,239762124208,239780965394,239784983735,239721623981,239769443926,239792186737,239755087941,239772811996]}