{"cx":518.917783759189,"cy":390.6634354811358,"fx":752.6888128954682,"fy":752.6888128954682,"width":1024,"height":768,"t_12":0.7331215143203735,"t_02":-0.177644282579422,"t_22":0.6564871072769165,"t_21":0.4718294143676758,"t_11":-0.2153337150812149,"t_01":0.8549903035163879,"t_20":0.5885589718818665,"t_10":-0.6451079249382019,"t_00":-0.48727211356163025,"t_23":-0.7024600505828857,"t_03":0.4166985750198364,"t_13":-1.1915700435638428,"blur_score":42.013367,"manual_keyframe":false,"neighbors":[239778130880,239769443926,239781515624,239761107117,239780965394,239783783235,239762124208,239772811996,239779197991,239784516874]}