{"cx":518.917783759189,"cy":390.6634354811358,"fx":752.6888128954682,"fy":752.6888128954682,"width":1024,"height":768,"t_12":0.45777255296707153,"t_02":-0.2607865631580353,"t_22":0.8499615788459778,"t_21":0.3436369001865387,"t_11":-0.10650002956390381,"t_01":0.9330441951751709,"t_20":0.39934825897216797,"t_10":-0.8826675415039063,"t_00":-0.24782848358154297,"t_23":-0.7025351524353027,"t_03":0.39887213706970215,"t_13":-1.2334307432174683,"blur_score":51.267105,"manual_keyframe":false,"neighbors":[239755087941,239794571063,239721623981,239766492696,239768827002,239772811996,239784516874,239769443926,239792186737,239784983735]}