{"cx":518.917783759189,"cy":390.6634354811358,"fx":752.6888128954682,"fy":752.6888128954682,"width":1024,"height":768,"t_12":0.6946585774421692,"t_02":-0.12441132217645645,"t_22":0.7084993124008179,"t_21":0.3616271913051605,"t_11":-0.20598238706588745,"t_01":0.9092838168144226,"t_20":0.6060152649879456,"t_10":-0.6892174482345581,"t_00":-0.3971458077430725,"t_23":-0.7240554690361023,"t_03":0.4341346323490143,"t_13":-1.180040717124939,"blur_score":32.70097,"manual_keyframe":false,"neighbors":[239772811996,239774129212,239779197991,239776746970,239784516874,239780965394,239762124208,239781515624,239761107117,239783783235]}