{"cx":518.917783759189,"cy":390.6634354811358,"fx":752.6888128954682,"fy":752.6888128954682,"width":1024,"height":768,"t_12":0.7162273526191711,"t_02":-0.1333930939435959,"t_22":0.6849997639656067,"t_21":0.47679102420806885,"t_11":-0.3022753894329071,"t_01":0.825408935546875,"t_20":0.5508589744567871,"t_10":-0.6290055513381958,"t_00":-0.5485493540763855,"t_23":-0.7297688722610474,"t_03":0.40019404888153076,"t_13":-1.1776679754257202,"blur_score":35.722393,"manual_keyframe":false,"neighbors":[239778130880,239772811996,239774129212,239761107117,239762124208,239779197991,239784516874,239783783235,239784983735,239781515624]}