{"cx":518.917783759189,"cy":390.6634354811358,"fx":752.6888128954682,"fy":752.6888128954682,"width":1024,"height":768,"t_12":0.4729155898094177,"t_02":-0.22750228643417358,"t_22":0.8512306213378906,"t_21":0.2656141519546509,"t_11":-0.01436401903629303,"t_01":0.9639723896980286,"t_20":0.45260971784591675,"t_10":-0.8809906244277954,"t_00":-0.1378401666879654,"t_23":-0.701605498790741,"t_03":0.3825278580188751,"t_13":-1.2541707754135132,"blur_score":41.231472,"manual_keyframe":false,"neighbors":[239762124208,239784516874,239768827002,239769443926,239761107117,239794571063,239785433923,239790452681,239792186737,239788568562]}