{"cx":518.917783759189,"cy":390.6634354811358,"fx":752.6888128954682,"fy":752.6888128954682,"width":1024,"height":768,"t_12":0.6556329727172852,"t_02":0.017727240920066833,"t_22":0.7548716068267822,"t_21":0.07576046139001846,"t_11":-0.11401163786649704,"t_01":0.990586519241333,"t_20":0.6514822840690613,"t_10":-0.7464226484298706,"t_00":-0.13573521375656128,"t_23":-0.667725682258606,"t_03":0.45107918977737427,"t_13":-1.2099096775054932,"blur_score":35.142033,"manual_keyframe":false,"neighbors":[239779197991,239769443926,239780965394,239784516874,239783783235,239774129212,239762124208,239761107117,239768827002,239721623981]}