{"cx":518.917783759189,"cy":390.6634354811358,"fx":752.6888128954682,"fy":752.6888128954682,"width":1024,"height":768,"t_12":0.5634840726852417,"t_02":-0.24735718965530396,"t_22":0.7882259488105774,"t_21":0.41729995608329773,"t_11":-0.19400401413440704,"t_01":0.8878193497657776,"t_20":0.45228374004364014,"t_10":-0.803024411201477,"t_00":-0.38806086778640747,"t_23":-0.6954905986785889,"t_03":0.4098457396030426,"t_13":-1.1894934177398682,"blur_score":47.326664,"manual_keyframe":false,"neighbors":[239762124208,239778130880,239769443926,239761107117,239784516874,239755087941,239780965394,239774129212,239766492696,239721623981]}