{"cx":518.917783759189,"cy":390.6634354811358,"fx":752.6888128954682,"fy":752.6888128954682,"width":1024,"height":768,"t_12":0.20340298116207123,"t_02":-0.30255764722824097,"t_22":0.9311745762825012,"t_21":0.3123999238014221,"t_11":-0.017364781349897385,"t_01":0.9497919678688049,"t_20":0.1879366636276245,"t_10":-0.9789410829544067,"t_00":-0.07971271872520447,"t_23":-0.6721143126487732,"t_03":0.37258288264274597,"t_13":-1.252022624015808,"blur_score":79.63101,"manual_keyframe":false,"neighbors":[239762124208,239761107117,239768827002,239769443926,239794571063,239721623981,239766492696,239784516874,239772811996,239788568562]}