{"cx":518.917783759189,"cy":390.6634354811358,"fx":752.6888128954682,"fy":752.6888128954682,"width":1024,"height":768,"t_12":0.19693523645401,"t_02":-0.34356796741485596,"t_22":0.9182469844818115,"t_21":0.3596527874469757,"t_11":-0.05160139128565788,"t_01":0.9316582679748535,"t_20":0.1657477617263794,"t_10":-0.9790576100349426,"t_00":-0.11821112781763077,"t_23":-0.6891628503799438,"t_03":0.38571158051490784,"t_13":-1.253256916999817,"blur_score":78.271416,"manual_keyframe":false,"neighbors":[239762124208,239761107117,239755087941,239794571063,239768827002,239766492696,239784516874,239769443926,239772811996,239783783235]}