{"cx":518.917783759189,"cy":390.6634354811358,"fx":752.6888128954682,"fy":752.6888128954682,"width":1024,"height":768,"t_12":0.20334435999393463,"t_02":-0.2950598895549774,"t_22":0.9335902333259583,"t_21":0.28183817863464355,"t_11":0.09184995293617249,"t_01":0.9550554156303406,"t_20":0.22130636870861053,"t_10":-0.974789559841156,"t_00":0.028440015390515327,"t_23":-0.6907879114151001,"t_03":0.3762448728084564,"t_13":-1.2505772113800049,"blur_score":83.77333,"manual_keyframe":false,"neighbors":[239762124208,239768827002,239794571063,239761107117,239755087941,239721623981,239784516874,239769443926,239788568562,239772811996]}