{"cx":518.917783759189,"cy":390.6634354811358,"fx":752.6888128954682,"fy":752.6888128954682,"width":1024,"height":768,"t_12":0.5826295614242554,"t_02":-0.1385725885629654,"t_22":0.8008373379707336,"t_21":0.25594890117645264,"t_11":-0.12378254532814026,"t_01":0.958732545375824,"t_20":0.5414330363273621,"t_10":-0.8032562732696533,"t_00":-0.24825307726860046,"t_23":-0.6675959825515747,"t_03":0.44093799591064453,"t_13":-1.2155945301055908,"blur_score":44.393208,"manual_keyframe":false,"neighbors":[239769443926,239779197991,239780965394,239784516874,239781515624,239768827002,239761107117,239774129212,239772811996,239762124208]}