{"cx":518.917783759189,"cy":390.6634354811358,"fx":752.6888128954682,"fy":752.6888128954682,"width":1024,"height":768,"t_12":0.5686053037643433,"t_02":-0.1907133162021637,"t_22":0.8001977205276489,"t_21":0.29744771122932434,"t_11":-0.10013986378908157,"t_01":0.9494718909263611,"t_20":0.5207767486572266,"t_10":-0.81649249792099,"t_00":-0.24926204979419708,"t_23":-0.7173515558242798,"t_03":0.39905861020088196,"t_13":-1.28196382522583,"blur_score":35.4403,"manual_keyframe":false,"neighbors":[239762124208,239761107117,239784983735,239784516874,239794571063,239769443926,239792186737,239755087941,239766492696,239721623981]}