{"cx":518.917783759189,"cy":390.6634354811358,"fx":752.6888128954682,"fy":752.6888128954682,"width":1024,"height":768,"t_12":0.4732176661491394,"t_02":-0.27090370655059814,"t_22":0.8382578492164612,"t_21":0.3877487778663635,"t_11":-0.16801373660564423,"t_01":0.9063234925270081,"t_20":0.3833727538585663,"t_10":-0.8647753596305847,"t_00":-0.32432839274406433,"t_23":-0.6629418134689331,"t_03":0.40217041969299316,"t_13":-1.2329896688461304,"blur_score":45.65577,"manual_keyframe":false,"neighbors":[239783783235,239755087941,239772811996,239762124208,239781515624,239761107117,239784516874,239768827002,239784983735,239766492696]}