{"vertexCount":5948,"xMinusArea":0.00047381798503920436,"bboxSize":[0.17038863897323608,0.6982801556587219,0.22757023572921753],"totalArea":0.08697036653757095,"yMinusArea":0.0003072501567658037,"bboxCenter":[2.9802322387695312e-8,-0.34914007782936096,3.725290298461914e-9],"alignmentTransform":[0.41541504859924316,0,0.9096319675445557,0,0,1,0,0,-0.9096319675445557,0,0.41541504859924316,0,-0.9208667278289795,0.6982801556587219,-0.061840929090976715,1],"georeferenceLatitude":39.666535777624496,"faceCount":34962,"horizontalUpArea":0.010873579420149326,"xPlusArea":0.0001412177662132308,"georeferenceRotation":-2.1226396560668945,"zMinusArea":0.000043583055230556056,"georeferenceAltitude":122.38423919677734,"zPlusArea":0.0015947133069857955,"georeferenceLongitude":2.675327095118699,"yAlignmentRotation":1.1423972845077515}