{"vertexCount":41623,"bboxSize":[0.5070496797561646,1.413483738899231,0.8885180950164795],"xMinusArea":0.009373256005346775,"zMinusArea":0.000007524030934291659,"yMinusArea":0.0000067538999246608,"totalArea":0.9558622241020203,"bboxCenter":[-0.2274080514907837,-0.7067418694496155,-0.017863407731056213],"alignmentTransform":[0.945277750492096,0,0.32626667618751526,0,0,1,0,0,-0.32626667618751526,0,0.945277750492096,0,-0.8429568409919739,0,0.08395949751138687,1],"faceCount":247650,"zPlusArea":0.0007715847459621727,"horizontalUpArea":0.22703111171722412,"xPlusArea":0.000010569850928732194,"yAlignmentRotation":-0.332351416349411}