{
  "angular_velocity" : 3.4028235e+38,
  "t_02" : 0.0075796284,
  "t_01" : 0.99097925,
  "t_03" : 0.45151916,
  "cx" : 513.7245,
  "t_13" : -1.2104204,
  "cy" : 382.9041,
  "width" : 1024,
  "t_11" : -0.108108126,
  "t_10" : -0.7647005,
  "t_22" : 0.7722673,
  "fx" : 752.5144,
  "fy" : 752.5144,
  "t_00" : -0.13380128,
  "blur_score" : 35.142033,
  "center_depth" : 0.22981557,
  "timestamp" : 239781515624,
  "t_20" : 0.6303415,
  "t_21" : 0.07920139,
  "manual_keyframe" : false,
  "t_12" : 0.63525254,
  "t_23" : -0.66576624,
  "height" : 768
}