{
  "angular_velocity" : 3.4028235e+38,
  "cx" : 514.30975,
  "t_03" : 0.39799953,
  "t_01" : 0.9352667,
  "t_02" : -0.2750403,
  "t_13" : -1.2681587,
  "cy" : 382.9849,
  "width" : 1024,
  "t_11" : -0.10344177,
  "t_10" : -0.91518724,
  "t_22" : 0.8789885,
  "fx" : 762.0104,
  "fy" : 762.0104,
  "t_00" : -0.22277576,
  "blur_score" : 35.546005,
  "center_depth" : 0.19395262,
  "timestamp" : 239794571063,
  "t_20" : 0.3358619,
  "t_21" : 0.33849084,
  "manual_keyframe" : false,
  "t_12" : 0.38952795,
  "t_23" : -0.69757587,
  "height" : 768
}