{
  "angular_velocity" : 3.4028235e+38,
  "center_depth" : 0.19933702,
  "t_02" : -0.06272896,
  "manual_keyframe" : false,
  "blur_score" : 33.573772,
  "fx" : 757.2648,
  "t_12" : 0.6158966,
  "t_23" : -0.70714337,
  "width" : 1024,
  "t_11" : -0.07079152,
  "t_21" : 0.1344673,
  "timestamp" : 239779197991,
  "t_03" : 0.45992768,
  "cy" : 382.82474,
  "height" : 768,
  "t_01" : 0.98838615,
  "t_20" : 0.60430294,
  "t_10" : -0.78464,
  "fy" : 757.2648,
  "t_13" : -1.1910933,
  "t_00" : -0.13841236,
  "cx" : 513.7789,
  "t_22" : 0.7853257
}