{
  "angular_velocity" : 3.4028235e+38,
  "center_depth" : 0.20095792,
  "t_02" : -0.2449542,
  "manual_keyframe" : false,
  "blur_score" : 38.678303,
  "fx" : 747.1414,
  "t_12" : 0.49391493,
  "t_23" : -0.6931386,
  "width" : 1024,
  "t_11" : -0.06222758,
  "t_21" : 0.31490877,
  "timestamp" : 239784516874,
  "t_03" : 0.41622242,
  "cy" : 382.886,
  "height" : 768,
  "t_01" : 0.9470798,
  "t_20" : 0.45253396,
  "t_10" : -0.86728066,
  "fy" : 747.1414,
  "t_13" : -1.2422744,
  "t_00" : -0.2074542,
  "cx" : 514.09796,
  "t_22" : 0.83429337
}