{
  "angular_velocity" : 3.4028235e+38,
  "t_02" : -0.14816856,
  "cx" : 513.8185,
  "t_03" : 0.44185957,
  "t_01" : 0.9582124,
  "t_13" : -1.2168326,
  "cy" : 382.82434,
  "width" : 1024,
  "t_11" : -0.11982638,
  "t_10" : -0.8136782,
  "t_22" : 0.80899733,
  "fx" : 745.27216,
  "fy" : 745.27216,
  "t_00" : -0.24469388,
  "blur_score" : 44.393208,
  "center_depth" : 0.22600162,
  "timestamp" : 239783783235,
  "t_20" : 0.52730703,
  "t_21" : 0.25975114,
  "manual_keyframe" : false,
  "t_12" : 0.5688316,
  "t_23" : -0.6699384,
  "height" : 768
}