{
  "angular_velocity" : 3.4028235e+38,
  "center_depth" : 0.23365574,
  "t_02" : -0.28814492,
  "manual_keyframe" : false,
  "blur_score" : 45.65577,
  "fx" : 749.9764,
  "t_12" : 0.45482552,
  "t_23" : -0.66383845,
  "width" : 1024,
  "t_11" : -0.16567253,
  "t_21" : 0.39795864,
  "timestamp" : 239769443926,
  "t_03" : 0.40096983,
  "cy" : 383.18576,
  "height" : 768,
  "t_01" : 0.90232,
  "t_20" : 0.3626605,
  "t_10" : -0.87503505,
  "fy" : 749.9764,
  "t_13" : -1.2339529,
  "t_00" : -0.32061034,
  "cx" : 514.4726,
  "t_22" : 0.842678
}