{
  "cy" : 383.21774,
  "center_depth" : 0.22245277,
  "width" : 1024,
  "manual_keyframe" : false,
  "t_01" : 0.946068,
  "t_00" : -0.072118595,
  "fx" : 750.3195,
  "t_11" : -0.016340751,
  "t_10" : -0.9842893,
  "t_22" : 0.9323831,
  "timestamp" : 239755087941,
  "t_03" : 0.37129733,
  "cx" : 514.6164,
  "angular_velocity" : 3.4028235e+38,
  "t_13" : -1.2517674,
  "t_21" : 0.32355574,
  "height" : 768,
  "t_12" : 0.1758051,
  "t_02" : -0.31583887,
  "t_20" : 0.16116254,
  "fy" : 750.3195,
  "t_23" : -0.66860026,
  "blur_score" : 79.63101
}