{
  "t_00" : -0.0980094,
  "t_02" : -0.3218115,
  "t_11" : -0.016438061,
  "t_12" : 0.24697548,
  "fy" : 751.5599,
  "fx" : 751.5599,
  "cx" : 514.618,
  "t_13" : -1.2565801,
  "t_20" : 0.22729112,
  "t_22" : 0.91402435,
  "t_23" : -0.6804631,
  "angular_velocity" : 3.4028235e+38,
  "center_depth" : 0.21174535,
  "width" : 1024,
  "blur_score" : 57.50617,
  "t_01" : 0.9417173,
  "t_03" : 0.39672297,
  "t_10" : -0.96888226,
  "t_21" : 0.33600336,
  "manual_keyframe" : false,
  "height" : 768,
  "timestamp" : 239768827002,
  "cy" : 383.14145
}