{
  "angular_velocity" : 3.4028235e+38,
  "cx" : 513.52234,
  "t_01" : 0.8524502,
  "t_02" : -0.19406065,
  "t_03" : 0.4165027,
  "t_13" : -1.1918185,
  "cy" : 382.6115,
  "width" : 1024,
  "t_11" : -0.21055119,
  "t_10" : -0.65853727,
  "t_22" : 0.66358393,
  "fx" : 747.77045,
  "fy" : 747.77045,
  "t_00" : -0.48545772,
  "blur_score" : 42.013367,
  "center_depth" : 0.22236244,
  "timestamp" : 239774129212,
  "t_20" : 0.5750301,
  "t_21" : 0.47853625,
  "manual_keyframe" : false,
  "t_12" : 0.72249347,
  "t_23" : -0.7035407,
  "height" : 768
}