{
  "angular_velocity" : 3.4028235e+38,
  "cx" : 513.4036,
  "t_01" : 0.9083542,
  "t_02" : -0.139462,
  "t_03" : 0.4341615,
  "t_13" : -1.1797385,
  "cy" : 382.4406,
  "width" : 1024,
  "t_11" : -0.20132074,
  "t_10" : -0.7045439,
  "t_22" : 0.71934867,
  "fx" : 752.5065,
  "fy" : 752.5065,
  "t_00" : -0.39426246,
  "blur_score" : 32.70097,
  "center_depth" : 0.20173424,
  "timestamp" : 239778130880,
  "t_20" : 0.5900636,
  "t_21" : 0.36655492,
  "manual_keyframe" : false,
  "t_12" : 0.6805056,
  "t_23" : -0.72303414,
  "height" : 768
}