{
  "angular_velocity" : 3.4028235e+38,
  "center_depth" : 0.21651906,
  "t_02" : -0.26410553,
  "manual_keyframe" : false,
  "blur_score" : 47.326664,
  "fx" : 745.5882,
  "t_12" : 0.54644054,
  "t_23" : -0.69659775,
  "width" : 1024,
  "t_11" : -0.19042708,
  "t_21" : 0.4249984,
  "timestamp" : 239772811996,
  "t_03" : 0.40958017,
  "cy" : 382.65994,
  "height" : 768,
  "t_01" : 0.88493717,
  "t_20" : 0.43327272,
  "t_10" : -0.81556135,
  "fy" : 745.5882,
  "t_13" : -1.1907759,
  "t_00" : -0.3835811,
  "cx" : 513.9513,
  "t_22" : 0.7947648
}