{
  "angular_velocity" : 3.4028235e+38,
  "center_depth" : 0.20124266,
  "t_02" : -0.2766706,
  "manual_keyframe" : false,
  "blur_score" : 51.267105,
  "fx" : 751.60114,
  "t_12" : 0.43824255,
  "t_23" : -0.70268244,
  "width" : 1024,
  "t_11" : -0.10331608,
  "t_21" : 0.3536895,
  "timestamp" : 239762124208,
  "t_03" : 0.3982812,
  "cy" : 382.99326,
  "height" : 768,
  "t_01" : 0.92963934,
  "t_20" : 0.37882304,
  "t_10" : -0.89289933,
  "fy" : 751.60114,
  "t_13" : -1.2334877,
  "t_00" : -0.24335952,
  "cx" : 514.2638,
  "t_22" : 0.8552174
}