{
  "angular_velocity" : 3.4028235e+38,
  "center_depth" : 0.19877528,
  "t_02" : -0.23507045,
  "manual_keyframe" : false,
  "blur_score" : 41.231472,
  "fx" : 750.6323,
  "t_12" : 0.46004358,
  "t_23" : -0.70336026,
  "width" : 1024,
  "t_11" : -0.01318004,
  "t_21" : 0.27130583,
  "timestamp" : 239784983735,
  "t_03" : 0.38399035,
  "cy" : 383.08206,
  "height" : 768,
  "t_01" : 0.9624029,
  "t_20" : 0.43964905,
  "t_10" : -0.8877985,
  "fy" : 750.6323,
  "t_13" : -1.2532705,
  "t_00" : -0.13609748,
  "cx" : 514.19275,
  "t_22" : 0.8562136
}