{
  "angular_velocity" : 3.4028235e+38,
  "center_depth" : 0.15759355,
  "t_02" : -0.21187265,
  "manual_keyframe" : false,
  "blur_score" : 30.94288,
  "fx" : 754.0646,
  "t_12" : 0.53755504,
  "t_23" : -0.7092412,
  "width" : 1024,
  "t_11" : -0.08191553,
  "t_21" : 0.30062068,
  "timestamp" : 239785433923,
  "t_03" : 0.39929715,
  "cy" : 383.37485,
  "height" : 768,
  "t_01" : 0.9502195,
  "t_20" : 0.49343958,
  "t_10" : -0.83924043,
  "fy" : 754.0646,
  "t_13" : -1.276754,
  "t_00" : -0.22845769,
  "cx" : 514.203,
  "t_22" : 0.81617683
}