{
  "angular_velocity" : 3.4028235e+38,
  "center_depth" : 0.19958903,
  "t_02" : -0.039526843,
  "manual_keyframe" : false,
  "blur_score" : 37.476974,
  "fx" : 753.1434,
  "t_12" : 0.65662855,
  "t_23" : -0.6895723,
  "width" : 1024,
  "t_11" : -0.078762636,
  "t_21" : 0.120598964,
  "timestamp" : 239780965394,
  "t_03" : 0.46107656,
  "cy" : 383.01694,
  "height" : 768,
  "t_01" : 0.9895718,
  "t_20" : 0.6466679,
  "t_10" : -0.75009024,
  "fy" : 753.1434,
  "t_13" : -1.2236507,
  "t_00" : -0.13851099,
  "cx" : 513.77277,
  "t_22" : 0.7531776
}