{
  "fy" : 748.1246,
  "t_11" : -0.112503454,
  "t_12" : 0.42624024,
  "fx" : 748.1246,
  "cx" : 514.35834,
  "t_02" : -0.28082654,
  "t_00" : -0.24951667,
  "t_13" : -1.2349174,
  "t_20" : 0.36342704,
  "t_22" : 0.8599161,
  "t_23" : -0.6993602,
  "angular_velocity" : 3.4028235e+38,
  "center_depth" : 0.20570429,
  "width" : 1024,
  "blur_score" : 40.166874,
  "t_01" : 0.9267566,
  "t_03" : 0.39707926,
  "t_10" : -0.8975869,
  "t_21" : 0.35842022,
  "manual_keyframe" : false,
  "height" : 768,
  "timestamp" : 239761107117,
  "cy" : 383.03046
}