{
  "angular_velocity" : 3.4028235e+38,
  "cx" : 514.0033,
  "t_01" : 0.9478045,
  "t_03" : 0.39919424,
  "t_02" : -0.20196873,
  "t_13" : -1.2808001,
  "cy" : 382.84338,
  "width" : 1024,
  "t_11" : -0.09817524,
  "t_10" : -0.82847214,
  "t_22" : 0.80945235,
  "fx" : 762.6917,
  "fy" : 762.6917,
  "t_00" : -0.2467289,
  "blur_score" : 35.4403,
  "center_depth" : 0.14729711,
  "timestamp" : 239790452681,
  "t_20" : 0.5027512,
  "t_21" : 0.30336136,
  "manual_keyframe" : false,
  "t_12" : 0.55135787,
  "t_23" : -0.71748286,
  "height" : 768
}