{
  "angular_velocity" : 3.4028235e+38,
  "center_depth" : 0.21606494,
  "t_02" : -0.14844353,
  "manual_keyframe" : false,
  "blur_score" : 35.722393,
  "fx" : 747.74506,
  "t_12" : 0.70564574,
  "t_23" : -0.7304666,
  "width" : 1024,
  "t_11" : -0.29989532,
  "t_21" : 0.4818416,
  "timestamp" : 239776746970,
  "t_03" : 0.40043,
  "cy" : 382.07706,
  "height" : 768,
  "t_01" : 0.8233416,
  "t_20" : 0.5364701,
  "t_10" : -0.64197105,
  "fy" : 747.74506,
  "t_13" : -1.1782455,
  "t_00" : -0.5477893,
  "cx" : 513.2595,
  "t_22" : 0.69284093
}