{
  "angular_velocity" : 3.4028235e+38,
  "center_depth" : 0.19964057,
  "t_02" : -0.30771685,
  "manual_keyframe" : false,
  "blur_score" : 83.77333,
  "fx" : 751.8744,
  "t_12" : 0.17544049,
  "t_23" : -0.691136,
  "width" : 1024,
  "t_11" : 0.092176735,
  "t_21" : 0.2955884,
  "timestamp" : 239766492696,
  "t_03" : 0.37607807,
  "cy" : 383.48672,
  "height" : 768,
  "t_01" : 0.95085794,
  "t_20" : 0.1951833,
  "t_10" : -0.9801653,
  "fy" : 751.8744,
  "t_13" : -1.2522032,
  "t_00" : 0.034342155,
  "cx" : 514.6179,
  "t_22" : 0.9351635
}