{
  "cy" : 383.19125,
  "t_02" : -0.3238503,
  "t_11" : 0.017064838,
  "fy" : 763.14124,
  "t_12" : 0.49610418,
  "cx" : 514.006,
  "fx" : 763.14124,
  "t_13" : -1.2735698,
  "t_20" : 0.46754548,
  "t_22" : 0.80560637,
  "t_23" : -0.71235836,
  "angular_velocity" : 3.4028235e+38,
  "center_depth" : 0.16636449,
  "width" : 1024,
  "blur_score" : 36.62355,
  "t_01" : 0.93129426,
  "t_10" : -0.8680953,
  "t_03" : 0.39086634,
  "t_21" : 0.3638676,
  "manual_keyframe" : false,
  "height" : 768,
  "timestamp" : 239792186737,
  "t_00" : -0.16676871
}