{
  "cy" : 382.9118,
  "center_depth" : 0.19217941,
  "width" : 1024,
  "manual_keyframe" : false,
  "t_01" : 0.93792266,
  "t_00" : -0.24012846,
  "fx" : 762.98395,
  "t_10" : -0.9047476,
  "t_11" : -0.12279964,
  "t_22" : 0.87807125,
  "timestamp" : 239788568562,
  "cx" : 514.0084,
  "t_03" : 0.40033144,
  "angular_velocity" : 3.4028235e+38,
  "t_13" : -1.2706693,
  "t_21" : 0.32437795,
  "height" : 768,
  "t_12" : 0.40786245,
  "t_02" : -0.25027806,
  "t_20" : 0.35180944,
  "fy" : 762.98395,
  "t_23" : -0.6989559,
  "blur_score" : 27.955547
}