{
  "cx" : 514.6528,
  "fy" : 751.60114,
  "timestamp" : 239721623981,
  "manual_keyframe" : false,
  "center_depth" : 0.19871543,
  "t_20" : 0.13910513,
  "height" : 768,
  "t_21" : 0.37400025,
  "cy" : 383.13773,
  "t_00" : -0.11053096,
  "t_01" : 0.9260174,
  "t_22" : 0.916937,
  "t_03" : 0.38386783,
  "t_13" : -1.2521285,
  "t_23" : -0.6851911,
  "t_11" : -0.051141907,
  "t_12" : 0.1701524,
  "angular_velocity" : 3.4028235e+38,
  "fx" : 751.60114,
  "blur_score" : 78.271416,
  "width" : 1024,
  "t_02" : -0.36093584,
  "t_10" : -0.98408973
}